Sample_ID,Zeb_Count,Average_Length_mm,Macro_Count,Macro_per_Zeb,Macro_per_m,SA_Druse_mm,SA_Druse_m,Diptera,Amphipoda,Trichoptera,Ephemeroptera,Coleptera,Odonata,Plecoptera,Gastropoda,Platyhelminthes,Unionidae,Subseason_new,Subseason,Site_new,Site,Simpson,corr_diptera,corr_amphipoda,corr_trichoptera,corr_ephemeroptera,corr_coleptera,corr_odonata,corr_plecoptera,corr_gastropoda,corr_platyhelminthes,corr_unionidae,corr_simpson,corr_count,use_simp,zeb_presence
1,9,12.71111111,2,0.222222222,0,3962.625,0.003962625,1,1,0,0,0,0,0,0,0,0,May,1,Downstream Andrusia,5,1,126.1789849,126.1789849,0,0,0,0,0,0,0,0,0.505920477,253.3579698,0.505920477,1
2,101,11.35,13,0.128712871,0,3608.16,0.00360816,1,3,1,4,3,1,0,0,0,0,May,1,Downstream Andrusia,5,0.846153846,126.1789849,378.5369547,126.1789849,504.7159396,378.5369547,126.1789849,0,0,0,0,0.781766819,1641.172957,0.781766819,1
3,599,24.866,115,0.191986644,0,32554.81,0.03255481,19,75,13,2,2,0,0,4,0,0,May,1,Downstream Andrusia,5,0.537452326,2397.400713,9463.423867,1640.326804,252.3579698,252.3579698,0,0,504.7159396,0,0,0.532850154,14511.12071,0.532850154,1
4,48,12.08,9,0.1875,0,11873.93,0.01187393,2,5,0,0,2,0,0,0,0,0,May,1,Downstream Andrusia,5,0.666666667,252.3579698,630.8949245,0,0,252.3579698,0,0,0,0,0,0.593592398,1136.277531,0.593592398,1
5,16,16.66875,1,0.0625,0,12988.71,0.01298871,1,0,0,0,0,0,0,0,0,0,May,1,Downstream Andrusia,5,1,126.1789849,0,0,0,0,0,0,0,0,0,0.015725869,127.1789849,0.015725869,1
7,0,0,6,0,12,0,0,0,1,0,2,2,0,0,1,0,0,May,1,Uninfested,1,0.866666667,0,126.1789849,0,252.3579698,252.3579698,0,0,126.1789849,0,0,0.72381057,757.940576,0.866666667,0
8,0,0,1,0,2,0,0,0,1,0,0,0,0,0,0,0,0,May,1,Uninfested,1,1,0,126.1789849,0,0,0,0,0,0,0,0,1,127.1789849,1,0
9,0,0,7,0,14,0,0,3,0,2,1,0,0,0,1,0,0,May,1,Uninfested,1,0.80952381,378.5369547,0,252.3579698,126.1789849,0,0,0,126.1789849,0,0,0.695223279,884.062418,0.80952381,0
10,0,0,0,0,0,0,0,0,0,0,0,0,0,0,0,0,0,May,1,Uninfested,1,1,0,0,0,0,0,0,0,0,0,0,0,1,1,0
11,197,14.44444444,49,0.248730964,0,38663.99,0.03866399,23,0,25,0,0,1,0,0,0,0,May,1,Downstream Stump,3,0.529761905,2902.116652,0,3154.474622,0,0,126.1789849,0,0,0,0,0.519116804,6183.300022,0.519116804,1
12,169,15.22,6,0.035502959,12,20443.11,0.02044311,1,2,1,0,0,0,0,1,0,1,May,1,Downstream Stump,3,0.933333333,126.1789849,252.3579698,126.1789849,0,0,0,0,126.1789849,0,126.1789849,0.779351218,758.0072427,0.779351218,1
13,107,16.15555556,3,0.028037383,0,14493.62,0.01449362,0,0,1,0,0,0,0,1,0,1,May,1,Downstream Stump,3,1,0,0,126.1789849,0,0,0,0,126.1789849,0,126.1789849,0.670179719,379.5369547,0.670179719,1
14,64,12.88333333,8,0.125,0,10449.66,0.01044966,2,0,6,0,0,0,0,0,0,0,May,1,Downstream Stump,3,0.428571429,252.3579698,0,757.0739093,0,0,0,0,0,0,0,0.375902182,1009.860451,0.375902182,1
15,93,20.86666667,8,0.086021505,0,20052.58,0.02005258,2,1,3,0,0,1,0,1,0,0,May,1,Downstream Stump,3,0.857142857,252.3579698,126.1789849,378.5369547,0,0,126.1789849,0,126.1789849,0,0,0.751166704,1010.289022,0.751166704,1
16,21,9.15,26,1.238095238,0,5262.9,0.0052629,12,3,1,0,0,1,8,0,0,1,May,1,Downstream Bemidji,2,0.701538462,1514.147819,378.5369547,126.1789849,0,0,126.1789849,1009.431879,0,0,126.1789849,0.674900967,3281.355146,0.674900967,1
17,4,7.3,6,1.5,0,376.54,0.00037654,3,0,2,0,0,0,0,1,0,0,May,1,Downstream Bemidji,2,0.733333333,378.5369547,0,252.3579698,0,0,0,0,126.1789849,0,0,0.612670607,757.8072427,0.612670607,1
18,6,11.28333333,5,0.833333333,0,2477.04,0.00247704,2,0,3,0,0,0,0,0,0,0,May,1,Downstream Bemidji,2,0.6,252.3579698,0,378.5369547,0,0,0,0,0,0,0,0.481749028,631.4949245,0.481749028,1
19,71,14.675,35,0.492957746,0,9477.09,0.00947709,17,4,9,2,2,0,0,1,0,0,May,1,Downstream Bemidji,2,0.697478992,2145.042743,504.7159396,1135.610864,252.3579698,252.3579698,0,0,126.1789849,0,0,0.677806267,4416.96195,0.677806267,1
20,75,9.811111111,38,0.506666667,0,8770.58,0.00877058,7,1,6,19,4,0,0,1,0,0,May,1,Downstream Bemidji,2,0.697012802,883.2528942,126.1789849,757.0739093,2397.400713,504.7159396,0,0,126.1789849,0,0,0.678905303,4795.498439,0.678905303,1
21,0,0,5,0,10,0,0,5,0,0,0,0,0,0,0,0,0,May,1,Uninfested,1,0,630.8949245,0,0,0,0,0,0,0,0,0,1,630.8949245,0,0
22,166,15,17,0.102409639,0,21847.195,0.021847195,2,5,4,2,1,1,0,2,0,0,May,1,Downstream Andrusia,5,0.860294118,252.3579698,630.8949245,504.7159396,252.3579698,126.1789849,126.1789849,0,252.3579698,0,0,0.810218521,2145.903037,0.810218521,1
23,147,11.89444444,8,0.054421769,0,12532.98,0.01253298,5,1,1,0,0,0,0,1,0,0,May,1,Downstream Andrusia,5,0.642857143,630.8949245,126.1789849,126.1789849,0,0,0,0,126.1789849,0,0,0.563614075,1010.074736,0.563614075,1
24,25,7.633333333,7,0.28,0,8648.105,0.008648105,2,5,0,0,0,0,0,0,0,0,May,1,Downstream Andrusia,5,0.476190476,252.3579698,630.8949245,0,0,0,0,0,0,0,0,0.409263406,883.7290847,0.409263406,1
25,33,13.9,11,0.333333333,0,7337.24,0.00733724,0,3,3,2,3,0,0,0,0,0,May,1,Downstream Andrusia,5,0.818181818,0,378.5369547,378.5369547,252.3579698,378.5369547,0,0,0,0,0,0.74463919,1388.787016,0.74463919,1
26,315,12.25,45,0.142857143,0,33128.735,0.033128735,12,15,2,9,7,0,0,0,0,0,May,1,Downstream Andrusia,5,0.768686869,1514.147819,1892.684773,252.3579698,1135.610864,883.2528942,0,0,0,0,0,0.751804543,5678.823007,0.751804543,1
27,19,15.05,11,0.578947368,0,7357.46,0.00735746,2,0,3,6,0,0,0,0,0,0,May,1,Downstream Wolf,4,0.654545455,252.3579698,0,378.5369547,757.0739093,0,0,0,0,0,0,0.595851753,1388.623379,0.595851753,1
28,7,13.75,11,1.571428571,0,4214.88,0.00421488,1,8,2,0,0,0,0,0,0,0,May,1,Downstream Wolf,4,0.472727273,126.1789849,1009.431879,252.3579698,0,0,0,0,0,0,0,0.430450087,1388.441561,0.430450087,1
29,17,15.65,18,1.058823529,0,6856.99,0.00685699,4,1,2,8,2,0,0,1,0,0,May,1,Downstream Wolf,4,0.764705882,504.7159396,126.1789849,252.3579698,1009.431879,252.3579698,0,0,126.1789849,0,0,0.722727135,2271.986434,0.722727135,1
30,2,21.6,5,2.5,0,1569.02,0.00156902,2,0,1,2,0,0,0,0,0,0,May,1,Downstream Wolf,4,0.8,252.3579698,0,126.1789849,252.3579698,0,0,0,0,0,0,0.641925446,631.6949245,0.641925446,1
31,3,20.2,3,1,0,3412.56,0.00341256,2,0,0,1,0,0,0,0,0,0,May,1,Downstream Wolf,4,0.666666667,252.3579698,0,0,126.1789849,0,0,0,0,0,0,0.447571797,379.2036213,0.447571797,1
32,101,15.72,8,0.079207921,0,20598.63,0.02059863,7,0,0,0,0,0,0,1,0,0,May,1,Downstream Stump,3,0.25,883.2528942,0,0,0,0,0,0,126.1789849,0,0,0.219353837,1009.681879,0.219353837,1
33,309,11.78928571,20,0.064724919,0,30698.6,0.0306986,11,4,4,0,0,0,0,1,0,0,May,1,Downstream Stump,3,0.647368421,1387.968834,504.7159396,504.7159396,0,0,0,0,126.1789849,0,0,0.615441163,2524.227066,0.615441163,1
34,104,11.61111111,9,0.086538462,0,17055.48,0.01705548,6,1,1,0,0,0,0,1,0,0,May,1,Downstream Stump,3,0.583333333,757.0739093,126.1789849,126.1789849,0,0,0,0,126.1789849,0,0,0.519469536,1136.194197,0.519469536,1
35,79,11.58571429,12,0.151898734,0,21033.37,0.02103337,3,4,4,0,0,0,0,1,0,0,May,1,Downstream Stump,3,0.772727273,378.5369547,504.7159396,504.7159396,0,0,0,0,126.1789849,0,0,0.709098542,1514.920546,0.709098542,1
36,84,13.725,5,0.05952381,0,12544.08,0.01254408,3,0,1,0,0,0,0,1,0,0,May,1,Downstream Stump,3,0.7,378.5369547,0,126.1789849,0,0,0,0,126.1789849,0,0,0.561862607,631.5949245,0.561862607,1
37,120,15.93571429,25,0.208333333,0,18235.465,0.018235465,11,0,11,1,0,0,0,2,0,0,May,1,Downstream Bemidji,2,0.63,1387.968834,0,1387.968834,126.1789849,0,0,0,252.3579698,0,0,0.605149545,3155.104622,0.605149545,1
38,132,10.04705882,14,0.106060606,0,10370.5835,0.010370584,4,0,8,0,1,0,0,1,0,0,May,1,Downstream Bemidji,2,0.626373626,504.7159396,0,1009.431879,0,126.1789849,0,0,126.1789849,0,0,0.58225848,1767.132162,0.58225848,1
39,56,13.28333333,5,0.089285714,0,13626.325,0.013626325,1,1,1,2,0,0,0,0,0,0,May,1,Downstream Bemidji,2,0.9,126.1789849,126.1789849,126.1789849,252.3579698,0,0,0,0,0,0,0.721937581,631.7949245,0.721937581,1
40,47,9.2,36,0.765957447,0,6189.125,0.006189125,5,14,11,0,4,0,0,2,0,0,May,1,Downstream Bemidji,2,0.741269841,630.8949245,1766.505788,1387.968834,0,504.7159396,0,0,252.3579698,0,0,0.720928801,4543.184726,0.720928801,1
41,205,11.765,27,0.131707317,0,20480.28,0.02048028,14,3,4,2,4,0,0,0,0,0,May,1,Downstream Bemidji,2,0.695156695,1766.505788,378.5369547,504.7159396,252.3579698,504.7159396,0,0,0,0,0,0.66974151,3407.527749,0.66974151,1
42,0,0,0,0,0,0,0,0,0,0,0,0,0,0,0,0,0,May,1,Uninfested,1,1,0,0,0,0,0,0,0,0,0,0,0,1,1,0
43,0,0,2,0,4,0,0,0,0,1,1,0,0,0,0,0,0,May,1,Uninfested,1,1,0,0,126.1789849,126.1789849,0,0,0,0,0,0,0.505920477,253.3579698,1,0
44,0,0,0,0,0,0,0,0,0,0,0,0,0,0,0,0,0,May,1,Uninfested,1,1,0,0,0,0,0,0,0,0,0,0,0,1,1,0
45,0,0,1,0,2,0,0,0,0,1,0,0,0,0,0,0,0,May,1,Uninfested,1,1,0,0,126.1789849,0,0,0,0,0,0,0,0.015725869,127.1789849,1,0
46,0,0,0,0,0,0,0,0,0,0,0,0,0,0,0,0,0,May,1,Uninfested,1,1,0,0,0,0,0,0,0,0,0,0,0,1,1,0
47,21,9.566666667,2,0.095238095,0,3550.835,0.003550835,0,1,1,0,0,0,0,0,0,0,May,1,Downstream Andrusia,5,1,0,126.1789849,126.1789849,0,0,0,0,0,0,0,0.505920477,253.3579698,0.505920477,1
48,118,12.01,2,0.016949153,0,28281.73,0.02828173,0,0,1,0,0,0,0,1,0,0,May,1,Downstream Andrusia,5,1,0,0,126.1789849,0,0,0,0,126.1789849,0,0,0.505920477,253.3579698,0.505920477,1
49,4,10.6,4,1,0,1330.13,0.00133013,0,0,1,0,0,0,0,3,0,0,May,1,Downstream Andrusia,5,0.5,0,0,126.1789849,0,0,0,0,378.5369547,0,0,0.376980701,505.2159396,0.376980701,1
50,69,14.35,6,0.086956522,12,10888.275,0.010888275,1,2,1,0,1,0,0,1,0,0,May,1,Downstream Andrusia,5,0.933333333,126.1789849,252.3579698,126.1789849,0,126.1789849,0,0,126.1789849,0,0,0.779351218,758.0072427,0.779351218,1
51,58,15.6,5,0.086206897,0,12663.555,0.012663555,2,0,0,1,0,0,0,2,0,0,May,1,Downstream Andrusia,5,0.8,252.3579698,0,0,126.1789849,0,0,0,252.3579698,0,0,0.641925446,631.6949245,0.641925446,1
52,9,15.77777778,8,0.888888889,0,837.675,0.000837675,4,1,0,1,0,1,0,1,0,0,May,1,Downstream Wolf,4,0.785714286,504.7159396,126.1789849,0,126.1789849,0,126.1789849,0,126.1789849,0,0,0.688666847,1010.217593,0.688666847,1
53,1,19.9,1,1,2,1021.44,0.00102144,0,0,0,0,0,1,0,0,0,0,May,1,Downstream Wolf,4,1,0,0,0,0,0,126.1789849,0,0,0,0,0.015725869,127.1789849,0.015725869,1
54,1,18.4,5,5,0,831.94,0.00083194,0,1,1,2,0,0,0,1,0,0,May,1,Downstream Wolf,4,0.9,0,126.1789849,126.1789849,252.3579698,0,0,0,126.1789849,0,0,0.721937581,631.7949245,0.721937581,1
55,4,14.525,6,1.5,0,1690.28,0.00169028,0,0,1,4,0,0,0,1,0,0,May,1,Downstream Wolf,4,0.6,0,0,126.1789849,504.7159396,0,0,0,126.1789849,0,0,0.50145237,757.6739093,0.50145237,1
56,2,20.05,2,1,0,1685.66,0.00168566,0,1,0,1,0,0,0,0,0,0,May,1,Downstream Wolf,4,1,0,126.1789849,0,126.1789849,0,0,0,0,0,0,0.505920477,253.3579698,0.505920477,1
57,46,11.28,5,0.108695652,0,10120.33,0.01012033,5,0,0,0,0,0,0,0,0,0,May,1,Downstream Stump,3,0,630.8949245,0,0,0,0,0,0,0,0,0,0,630.8949245,0,1
58,81,13.42,12,0.148148148,0,12882.225,0.012882225,7,0,3,2,0,0,0,0,0,0,May,1,Downstream Stump,3,0.621212121,883.2528942,0,378.5369547,252.3579698,0,0,0,0,0,0,0.570173656,1514.769031,0.570173656,1
59,243,15.83333333,18,0.074074074,0,38040.725,0.038040725,6,2,9,1,0,0,0,0,0,0,May,1,Downstream Stump,3,0.660130719,757.0739093,252.3579698,1135.610864,126.1789849,0,0,0,0,0,0,0.623950092,2271.881859,0.623950092,1
60,56,13.8,11,0.196428571,0,14586.9,0.0145869,7,2,0,0,1,0,0,1,0,0,May,1,Downstream Stump,3,0.6,883.2528942,252.3579698,0,0,126.1789849,0,0,126.1789849,0,0,0.546240351,1388.568834,0.546240351,1
61,305,14.984,31,0.101639344,0,37564.805,0.037564805,25,3,2,0,0,0,0,1,0,0,May,1,Downstream Stump,3,0.346236559,3154.474622,378.5369547,252.3579698,0,0,0,0,126.1789849,0,0,0.33527102,3911.894768,0.33527102,1
62,65,13.25,21,0.323076923,0,15331.775,0.015331775,4,2,4,1,3,0,0,7,0,0,May,1,Downstream Bemidji,2,0.823809524,504.7159396,252.3579698,504.7159396,126.1789849,378.5369547,0,0,883.2528942,0,0,0.785010432,2650.582492,0.785010432,1
63,16,14.81666667,0,0,0,3433.8,0.0034338,0,0,0,0,0,0,0,0,0,0,May,1,Downstream Bemidji,2,,0,0,0,0,0,0,0,0,0,0,0,0,0,1
64,37,15.025,18,0.486486486,0,11853.31,0.01185331,6,3,7,0,1,1,0,0,0,0,May,1,Downstream Bemidji,2,0.745098039,757.0739093,378.5369547,883.2528942,0,126.1789849,126.1789849,0,0,0,0,0.704207825,2271.966826,0.704207825,1
65,24,16.36666667,18,0.75,0,4626.45,0.00462645,1,8,4,3,1,0,0,1,0,0,May,1,Downstream Bemidji,2,0.758169935,126.1789849,1009.431879,504.7159396,378.5369547,126.1789849,0,0,126.1789849,0,0,0.716554103,2271.979898,0.716554103,1
66,45,16.68,10,0.222222222,0,10429.37,0.01042937,4,0,1,4,0,0,0,1,0,0,May,1,Downstream Bemidji,2,0.733333333,504.7159396,0,126.1789849,504.7159396,0,0,0,126.1789849,0,0,0.660917891,1262.523182,0.660917891,1
67,0,0,9,0,18,0,0,1,0,6,2,0,0,0,0,0,0,May,1,Uninfested,1,0.555555556,126.1789849,0,757.0739093,252.3579698,0,0,0,0,0,0,0.494757081,1136.16642,0.555555556,0
68,0,0,5,0,10,0,0,0,0,3,0,0,0,0,2,0,0,May,1,Uninfested,1,0.6,0,0,378.5369547,0,0,0,0,252.3579698,0,0,0.481749028,631.4949245,0.6,0
69,0,0,5,0,10,0,0,1,0,0,2,0,0,0,2,0,0,May,1,Uninfested,1,0.8,126.1789849,0,0,252.3579698,0,0,0,252.3579698,0,0,0.641925446,631.6949245,0.8,0
70,0,0,0,0,0,0,0,0,0,0,0,0,0,0,0,0,0,May,1,Uninfested,1,1,0,0,0,0,0,0,0,0,0,0,0,1,1,0
71,0,0,9,0,18,0,0,3,0,1,5,0,0,0,0,0,0,May,1,Uninfested,1,0.638888889,378.5369547,0,126.1789849,630.8949245,0,0,0,0,0,0,0.568887194,1136.249753,0.638888889,0
72,0,0,21,0,42,0,0,4,0,4,7,0,0,1,5,0,0,June,2,Uninfested,1,0.795238095,504.7159396,0,504.7159396,883.2528942,0,0,126.1789849,630.8949245,0,0,0.757800974,2650.553921,0.795238095,0
73,0,0,18,0,36,0,0,3,0,14,1,0,0,0,0,0,0,June,2,Uninfested,1,0.385620915,378.5369547,0,1766.505788,126.1789849,0,0,0,0,0,0,0.364573793,2271.607349,0.385620915,0
74,0,0,5,0,10,0,0,0,0,1,4,0,0,0,0,0,0,June,2,Uninfested,1,0.4,0,0,126.1789849,504.7159396,0,0,0,0,0,0,0.321369508,631.2949245,0.4,0
75,0,0,9,0,18,0,0,0,0,1,4,0,0,0,4,0,0,June,2,Uninfested,1,0.666666667,0,0,126.1789849,504.7159396,0,0,0,504.7159396,0,0,0.593592398,1136.277531,0.666666667,0
76,0,0,11,0,22,0,0,0,0,9,2,0,0,0,0,0,0,June,2,Uninfested,1,0.327272727,0,0,1135.610864,252.3579698,0,0,0,0,0,0,0.298066352,1388.296107,0.327272727,0
78,35,19.71666667,18,0.514285714,36,22132.39,0.02213239,0,9,2,6,1,0,0,0,0,0,June,2,Downstream Andrusia,5,0.660130719,0,1135.610864,252.3579698,757.0739093,126.1789849,0,0,0,0,0,0.623950092,2271.881859,0.623950092,1
79,56,20.64,37,0.660714286,74,22132.39,0.02213239,6,13,2,9,3,0,0,4,0,0,June,2,Downstream Andrusia,5,0.791291291,757.0739093,1640.326804,252.3579698,1135.610864,378.5369547,0,0,504.7159396,0,0,0.770147917,4669.413732,0.770147917,1
80,6,14.56666667,8,1.333333333,16,2710.98,0.00271098,0,0,0,7,0,0,0,0,1,0,June,2,Downstream Andrusia,5,0.25,0,0,0,883.2528942,0,0,0,0,126.1789849,0,0.219353837,1009.681879,0.219353837,1
81,15,,4,0.266666667,8,4594.25,0.00459425,0,2,2,0,0,0,0,0,0,0,June,2,Downstream Andrusia,5,0.666666667,0,252.3579698,252.3579698,0,0,0,0,0,0,0,0.502309572,505.3826062,0.502309572,1
82,16,12.45,4,0.25,8,3587.505,0.003587505,0,0,3,0,0,0,0,1,0,0,June,2,Downstream Andrusia,5,0.5,0,0,378.5369547,0,0,0,0,126.1789849,0,0,0.376980701,505.2159396,0.376980701,1
83,1,21,3,3,6,994.8776,0.000994878,0,0,0,2,0,0,0,1,0,0,June,2,Downstream Wolf,4,0.666666667,0,0,0,252.3579698,0,0,0,126.1789849,0,0,0.447571797,379.2036213,0.447571797,1
84,2,20.05,4,2,8,1570.55,0.00157055,0,0,0,4,0,0,0,0,0,0,June,2,Downstream Wolf,4,0,0,0,0,504.7159396,0,0,0,0,0,0,0,504.7159396,0,1
85,3,16.03333333,6,2,12,1901.73,0.00190173,0,0,1,1,0,0,0,2,0,2,June,2,Downstream Wolf,4,0.866666667,0,0,126.1789849,126.1789849,0,0,0,252.3579698,0,252.3579698,0.72381057,757.940576,0.72381057,1
86,4,14.775,6,1.5,12,1829.62,0.00182962,4,0,1,1,0,0,0,0,0,0,June,2,Downstream Wolf,4,0.6,504.7159396,0,126.1789849,126.1789849,0,0,0,0,0,0,0.50145237,757.6739093,0.50145237,1
87,1,25.2,6,6,12,1169.6186,0.001169619,0,0,0,6,0,0,0,0,0,0,June,2,Downstream Wolf,4,0,0,0,0,757.0739093,0,0,0,0,0,0,0,757.0739093,0,1
88,132,14.13076923,10,0.075757576,20,19353.5,0.0193535,6,0,3,1,0,0,0,0,0,0,June,2,Downstream Stump,3,0.6,757.0739093,0,378.5369547,126.1789849,0,0,0,0,0,0,0.540865231,1262.389849,0.540865231,1
89,89,15.44444444,7,0.078651685,14,17947.85,0.01794785,1,1,3,0,0,0,0,2,0,0,June,2,Downstream Stump,3,0.80952381,126.1789849,126.1789849,378.5369547,0,0,0,0,252.3579698,0,0,0.695223279,884.062418,0.695223279,1
90,81,12.8625,6,0.074074074,12,13485.3,0.0134853,2,1,2,0,0,0,0,0,1,0,June,2,Downstream Stump,3,0.866666667,252.3579698,126.1789849,252.3579698,0,0,0,0,0,126.1789849,0,0.72381057,757.940576,0.72381057,1
91,44,10.525,3,0.068181818,6,9126,0.009126,2,1,0,0,0,0,0,0,0,0,June,2,Downstream Stump,3,0.666666667,252.3579698,126.1789849,0,0,0,0,0,0,0,0,0.447571797,379.2036213,0.447571797,1
92,50,11.54,12,0.24,24,9620.2,0.0096202,3,2,1,0,0,0,0,0,6,0,June,2,Downstream Stump,3,0.712121212,378.5369547,252.3579698,126.1789849,0,0,0,0,0,757.0739093,0,0.653535259,1514.85994,0.653535259,1
93,38,12.125,19,0.5,38,5857.83,0.00585783,3,5,3,0,0,0,0,6,0,2,June,2,Downstream Bemidji,2,0.812865497,378.5369547,630.8949245,378.5369547,0,0,0,0,757.0739093,0,252.3579698,0.7705601,2398.213578,0.7705601,1
94,17,14.3,30,1.764705882,60,2979.715,0.002979715,9,17,1,2,0,0,0,0,1,0,June,2,Downstream Bemidji,2,0.602298851,1135.610864,2145.042743,126.1789849,252.3579698,0,0,0,0,126.1789849,0,0.582508955,3785.971846,0.582508955,1
95,167,12.84375,51,0.305389222,102,23660.265,0.023660265,15,5,26,1,2,0,0,1,0,1,June,2,Downstream Bemidji,2,0.654117647,1892.684773,630.8949245,3280.653607,126.1789849,252.3579698,0,0,126.1789849,0,126.1789849,0.641464379,6435.782347,0.641464379,1
96,53,14.02,15,0.283018868,30,9666.02,0.00966602,4,4,3,1,0,0,0,2,0,1,June,2,Downstream Bemidji,2,0.847619048,504.7159396,504.7159396,378.5369547,126.1789849,0,0,0,252.3579698,0,126.1789849,0.791715962,1893.532392,0.791715962,1
97,18,8.065,7,0.388888889,14,2514.7946,0.002514795,1,3,0,2,0,0,0,1,0,0,June,2,Downstream Bemidji,2,0.80952381,126.1789849,378.5369547,0,252.3579698,0,0,0,126.1789849,0,0,0.695223279,884.062418,0.695223279,1
98,0,0,0,0,0,0,0,0,0,0,0,0,0,0,0,0,0,June,2,Uninfested,1,1,0,0,0,0,0,0,0,0,0,0,0,1,1,0
99,0,0,1,0,2,0,0,0,0,0,0,0,1,0,0,0,0,June,2,Uninfested,1,1,0,0,0,0,0,126.1789849,0,0,0,0,0.015725869,127.1789849,1,0
100,0,0,5,0,10,0,0,0,0,0,0,0,0,0,5,0,0,June,2,Uninfested,1,0,0,0,0,0,0,0,0,630.8949245,0,0,0,630.8949245,0,0
101,0,0,1,0,2,0,0,0,0,0,0,0,0,0,1,0,0,June,2,Uninfested,1,1,0,0,0,0,0,0,0,126.1789849,0,0,0.015725869,127.1789849,1,0
102,0,0,0,0,0,0,0,0,0,0,0,0,0,0,0,0,0,June,2,Uninfested,1,1,0,0,0,0,0,0,0,0,0,0,0,1,1,0
103,2,15,2,1,4,1361.36,0.00136136,0,0,0,2,0,0,0,0,0,0,June,2,Downstream Andrusia,5,0,0,0,0,252.3579698,0,0,0,0,0,0,0,252.3579698,0,1
104,54,11.16666667,22,0.407407407,44,8711.92,0.00871192,2,9,0,5,6,0,0,0,0,0,June,2,Downstream Andrusia,5,0.731601732,252.3579698,1135.610864,0,630.8949245,757.0739093,0,0,0,0,0,0.698757605,2776.669269,0.698757605,1
105,35,13.55,10,0.285714286,20,7168.545,0.007168545,0,3,2,1,1,0,0,0,3,0,June,2,Downstream Andrusia,5,0.844444444,0,378.5369547,252.3579698,126.1789849,126.1789849,0,0,0,378.5369547,0,0.760923032,1262.634293,0.760923032,1
106,19,18.45,7,0.368421053,14,3406.075,0.003406075,3,2,0,1,0,0,0,1,0,0,June,2,Downstream Andrusia,5,0.80952381,378.5369547,252.3579698,0,126.1789849,0,0,0,126.1789849,0,0,0.695223279,884.062418,0.695223279,1
107,54,12.8,10,0.185185185,20,7504.35,0.00750435,3,3,0,3,0,0,0,0,1,0,June,2,Downstream Andrusia,5,0.8,378.5369547,378.5369547,0,378.5369547,0,0,0,0,126.1789849,0,0.720925201,1262.589849,0.720925201,1
108,4,9.475,5,1.25,10,1342.66,0.00134266,0,0,1,2,0,0,0,1,1,0,June,2,Downstream Wolf,4,0.9,0,0,126.1789849,252.3579698,0,0,0,126.1789849,126.1789849,0,0.721937581,631.7949245,0.721937581,1
109,1,18.9,8,8,16,538.8554,0.000538855,5,0,0,2,0,0,0,0,1,0,June,2,Downstream Wolf,4,0.607142857,630.8949245,0,0,252.3579698,0,0,0,0,126.1789849,0,0.532339823,1010.039022,0.532339823,1
110,1,14.7,2,2,4,763.42,0.00076342,0,0,0,1,0,0,0,0,1,0,June,2,Downstream Wolf,4,1,0,0,0,126.1789849,0,0,0,0,126.1789849,0,0.505920477,253.3579698,0.505920477,1
111,5,13.98,2,0.4,4,2388.04,0.00238804,0,0,0,0,0,0,0,1,1,0,June,2,Downstream Wolf,4,1,0,0,0,0,0,0,0,126.1789849,126.1789849,0,0.505920477,253.3579698,0.505920477,1
112,2,9.6,1,0.5,2,685.95,0.00068595,0,0,0,1,0,0,0,0,0,0,June,2,Downstream Wolf,4,1,0,0,0,126.1789849,0,0,0,0,0,0,0.015725869,127.1789849,0.015725869,1
113,29,16.66666667,31,1.068965517,62,7433.16,0.00743316,9,8,12,0,0,0,0,1,1,0,June,2,Downstream Stump,3,0.720430108,1135.610864,1009.431879,1514.147819,0,0,0,0,126.1789849,126.1789849,0,0.697480172,3912.268962,0.697480172,1
114,20,12.35,6,0.3,12,5146.6,0.0051466,5,0,0,0,0,0,0,1,0,0,June,2,Downstream Stump,3,0.333333333,630.8949245,0,0,0,0,0,0,126.1789849,0,0,0.278780826,757.4072427,0.278780826,1
115,9,10.76666667,34,3.777777778,68,1540.36,0.00154036,28,1,1,0,0,0,0,3,1,0,June,2,Downstream Stump,3,0.320855615,3533.011577,126.1789849,126.1789849,0,0,0,0,378.5369547,126.1789849,0,0.31159428,4290.406342,0.31159428,1
116,21,15.7,4,0.19047619,8,6360.06,0.00636006,1,2,0,0,0,0,0,1,0,0,June,2,Downstream Stump,3,0.833333333,126.1789849,252.3579698,0,0,0,0,0,126.1789849,0,0,0.627473171,505.5492729,0.627473171,1
117,51,12.26,11,0.215686275,22,6105.9,0.0061059,1,6,1,1,1,0,0,1,0,0,June,2,Downstream Stump,3,0.727272727,126.1789849,757.0739093,126.1789849,126.1789849,126.1789849,0,0,126.1789849,0,0,0.661988163,1388.696107,0.661988163,1
118,9,15.41111111,4,0.444444444,8,3756.88,0.00375688,1,0,0,1,0,0,0,1,0,1,June,2,Downstream Bemidji,2,1,126.1789849,0,0,126.1789849,0,0,0,126.1789849,0,126.1789849,0.752471743,505.7159396,0.752471743,1
119,21,11.4,15,0.714285714,30,6729.7,0.0067297,9,3,1,0,0,0,0,2,0,0,June,2,Downstream Bemidji,2,0.619047619,1135.610864,378.5369547,126.1789849,0,0,0,0,252.3579698,0,0,0.578359141,1893.303821,0.578359141,1
120,15,16.2,15,1,30,4448.905,0.004448905,3,8,0,2,0,0,0,2,0,0,June,2,Downstream Bemidji,2,0.685714286,378.5369547,1009.431879,0,252.3579698,0,0,0,252.3579698,0,0,0.640598859,1893.370488,0.640598859,1
121,20,9.7,19,0.95,38,6212.735,0.006212735,7,4,1,0,5,0,0,2,0,0,June,2,Downstream Bemidji,2,0.777777778,883.2528942,504.7159396,126.1789849,0,630.8949245,0,0,252.3579698,0,0,0.737320087,2398.178491,0.737320087,1
122,7,11.18571429,9,1.285714286,18,1485.2,0.0014852,5,3,0,1,0,0,0,0,0,0,June,2,Downstream Bemidji,2,0.638888889,630.8949245,378.5369547,0,126.1789849,0,0,0,0,0,0,0.568887194,1136.249753,0.568887194,1
123,0,0,7,0,14,0,0,0,0,0,6,0,0,0,0,1,0,June,2,Uninfested,1,0.285714286,0,0,0,757.0739093,0,0,0,0,126.1789849,0,0.245663922,883.5386085,0.285714286,0
124,0,0,8,0,16,,0,2,0,2,3,0,0,1,0,0,0,June,2,Uninfested,1,0.821428571,252.3579698,0,252.3579698,378.5369547,0,0,126.1789849,0,0,0,0.719918986,1010.253308,0.821428571,0
125,0,0,23,0,46,0,0,2,0,8,5,4,0,4,0,0,0,June,2,Uninfested,1,0.798418972,252.3579698,0,1009.431879,630.8949245,504.7159396,0,504.7159396,0,0,0,0.76409819,2902.915071,0.798418972,0
126,0,0,27,0,54,0,0,9,0,5,7,3,1,2,0,0,0,June,2,Uninfested,1,0.797720798,1135.610864,0,630.8949245,883.2528942,378.5369547,126.1789849,252.3579698,0,0,0,0.768509567,3407.630313,0.797720798,0
127,0,0,12,0,24,0,0,1,0,2,2,3,0,4,0,0,0,June,2,Uninfested,1,0.833333333,126.1789849,0,252.3579698,252.3579698,378.5369547,0,504.7159396,0,0,0,0.764652933,1514.981152,0.833333333,0
128,15,14.25,3,0.2,6,3369.895,0.003369895,2,0,0,1,0,0,0,0,0,0,June,2,Downstream Andrusia,5,0.666666667,252.3579698,0,0,126.1789849,0,0,0,0,0,0,0.447571797,379.2036213,0.447571797,1
129,73,20.95714286,23,0.315068493,46,24261.465,0.024261465,13,7,0,0,2,0,0,1,0,0,June,2,Downstream Andrusia,5,0.604743083,1640.326804,883.2528942,0,0,252.3579698,0,0,126.1789849,0,0,0.578824872,2902.721396,0.578824872,1
130,26,15.43333333,15,0.576923077,30,9053.5,0.0090535,14,0,0,1,0,0,0,0,0,0,June,2,Downstream Andrusia,5,0.133333333,1766.505788,0,0,126.1789849,0,0,0,0,0,0,0.1246336,1892.818107,0.1246336,1
131,188,15.00526316,27,0.143617021,54,40500.81,0.04050081,9,12,3,0,1,0,0,2,0,0,June,2,Downstream Andrusia,5,0.698005698,1135.610864,1514.147819,378.5369547,0,126.1789849,0,0,252.3579698,0,0,0.672485227,3407.530598,0.672485227,1
132,76,16.01428571,9,0.118421053,18,16290.42,0.01629042,6,2,0,0,0,0,0,0,1,0,June,2,Downstream Andrusia,5,0.555555556,757.0739093,252.3579698,0,0,0,0,0,0,126.1789849,0,0.494757081,1136.16642,0.494757081,1
133,10,13.93333333,6,0.6,12,4646.22,0.00464622,2,0,0,2,0,0,0,2,0,0,June,2,Downstream Wolf,4,0.8,252.3579698,0,0,252.3579698,0,0,0,252.3579698,0,0,0.668250369,757.8739093,0.668250369,1
134,2,7.1,5,2.5,10,490.88,0.00049088,0,0,0,5,0,0,0,0,0,0,June,2,Downstream Wolf,4,0,0,0,0,630.8949245,0,0,0,0,0,0,0,630.8949245,0,1
135,4,19.5,1,0.25,2,2840.53,0.00284053,0,0,0,0,0,0,0,0,1,0,June,2,Downstream Wolf,4,1,0,0,0,0,0,0,0,0,126.1789849,0,0.015725869,127.1789849,0.015725869,1
136,10,18.12,7,0.7,14,4792.38,0.00479238,1,0,0,0,0,0,0,3,0,3,June,2,Downstream Wolf,4,0.714285714,126.1789849,0,0,0,0,0,0,378.5369547,0,378.5369547,0.613564481,883.9671799,0.613564481,1
137,2,19.1,1,0.5,2,2488.46,0.00248846,1,0,0,0,0,0,0,0,0,0,June,2,Downstream Wolf,4,1,126.1789849,0,0,0,0,0,0,0,0,0,0.015725869,127.1789849,0.015725869,1
138,51,13.98,21,0.411764706,42,10149.478,0.010149478,1,1,11,4,0,0,0,0,4,0,June,2,Downstream Stump,3,0.680952381,126.1789849,126.1789849,1387.968834,504.7159396,0,0,0,0,504.7159396,0,0.648951405,2650.439635,0.648951405,1
139,115,12.44666667,24,0.208695652,48,16527.85,0.01652785,2,12,1,3,0,0,0,2,4,0,June,2,Downstream Stump,3,0.721014493,252.3579698,1514.147819,126.1789849,378.5369547,0,0,0,252.3579698,504.7159396,0,0.691347487,3029.016652,0.691347487,1
140,93,15.35555556,30,0.322580645,60,17557.9,0.0175579,9,6,12,1,0,0,0,2,0,0,June,2,Downstream Stump,3,0.728735632,1135.610864,757.0739093,1514.147819,126.1789849,0,0,0,252.3579698,0,0,0.704744298,3786.098282,0.704744298,1
141,117,11.81666667,18,0.153846154,36,10872.335,0.010872335,5,3,4,0,0,1,0,3,2,0,June,2,Downstream Stump,3,0.849673203,630.8949245,378.5369547,504.7159396,0,0,126.1789849,0,378.5369547,252.3579698,0,0.802970091,2272.071401,0.802970091,1
142,47,14.04,18,0.382978723,36,10508.54,0.01050854,6,4,3,0,0,0,0,0,5,0,June,2,Downstream Stump,3,0.777777778,757.0739093,504.7159396,378.5369547,0,0,0,0,0,630.8949245,0,0.735072987,2271.999506,0.735072987,1
143,19,13.3,5,0.263157895,10,4141.77,0.00414177,1,0,2,0,1,0,0,0,0,1,June,2,Downstream Bemidji,2,0.9,126.1789849,0,252.3579698,0,126.1789849,0,0,0,0,126.1789849,0.721937581,631.7949245,0.721937581,1
144,46,12.48,16,0.347826087,32,9383.155,0.009383155,2,1,5,1,1,0,0,6,0,0,June,2,Downstream Bemidji,2,0.783333333,252.3579698,126.1789849,630.8949245,126.1789849,126.1789849,0,0,757.0739093,0,0,0.734944714,2019.647092,0.734944714,1
145,51,14.42,11,0.215686275,22,6423.8,0.0064238,7,2,2,0,0,0,0,0,0,0,June,2,Downstream Bemidji,2,0.581818182,883.2528942,252.3579698,252.3579698,0,0,0,0,0,0,0,0.529701484,1388.550652,0.529701484,1
146,109,15.43636364,39,0.357798165,78,18438.41,0.01843841,7,12,6,0,11,0,0,3,0,0,June,2,Downstream Bemidji,2,0.784075574,883.2528942,1514.147819,757.0739093,0,1387.968834,0,0,378.5369547,0,0,0.764201506,4921.764486,0.764201506,1
147,47,19.75,28,0.595744681,56,9410.24,0.00941024,16,4,2,1,4,0,0,0,1,0,June,2,Downstream Bemidji,2,0.648148148,2018.863758,504.7159396,252.3579698,126.1789849,504.7159396,0,0,0,126.1789849,0,0.625314461,3533.659725,0.625314461,1
148,6,10.05,2,0.333333333,4,1620.745,0.001620745,0,0,0,2,0,0,0,0,0,0,July,3,Downstream Andrusia,5,0,0,0,0,252.3579698,0,0,0,0,0,0,0,252.3579698,0,1
149,21,21.6,9,0.428571429,18,8028.35,0.00802835,4,2,1,0,0,0,0,0,2,0,July,3,Downstream Andrusia,5,0.777777778,504.7159396,252.3579698,126.1789849,0,0,0,0,0,252.3579698,0,0.692389054,1136.388642,0.692389054,1
150,31,12.36666667,7,0.225806452,14,8897.08,0.00889708,3,1,1,0,0,0,0,1,1,0,July,3,Downstream Andrusia,5,0.857142857,378.5369547,126.1789849,126.1789849,0,0,0,0,126.1789849,126.1789849,0,0.736039479,884.1100371,0.736039479,1
151,16,12.15,5,0.3125,10,5190.96,0.00519096,2,2,0,0,0,0,0,0,1,0,July,3,Downstream Andrusia,5,0.8,252.3579698,252.3579698,0,0,0,0,0,0,126.1789849,0,0.641925446,631.6949245,0.641925446,1
152,36,12.5,9,0.25,18,7547.01,0.00754701,7,2,0,0,0,0,0,0,0,0,July,3,Downstream Andrusia,5,0.388888889,883.2528942,252.3579698,0,0,0,0,0,0,0,0,0.346431582,1135.999753,0.346431582,1
153,2,11.7,4,2,8,682.755,0.000682755,0,0,0,2,0,0,0,2,0,0,July,3,Downstream Wolf,4,0.666666667,0,0,0,252.3579698,0,0,0,252.3579698,0,0,0.502309572,505.3826062,0.502309572,1
154,4,19.875,8,2,16,3861.9,0.0038619,0,0,0,2,0,0,0,6,0,0,July,3,Downstream Wolf,4,0.428571429,0,0,0,252.3579698,0,0,0,757.0739093,0,0,0.375902182,1009.860451,0.375902182,1
155,3,16.43333333,6,2,12,1768.41,0.00176841,0,2,2,2,0,0,0,0,0,0,July,3,Downstream Wolf,4,0.8,0,252.3579698,252.3579698,252.3579698,0,0,0,0,0,0,0.668250369,757.8739093,0.668250369,1
156,6,15.16666667,7,1.166666667,14,3390.31,0.00339031,1,0,0,5,0,0,0,1,0,0,July,3,Downstream Wolf,4,0.523809524,126.1789849,0,0,630.8949245,0,0,0,126.1789849,0,0,0.450141239,883.7767038,0.450141239,1
157,3,21.16666667,0,0,0,3091.6,0.0030916,0,0,0,0,0,0,0,0,0,0,July,3,Downstream Wolf,4,,0,0,0,0,0,0,0,0,0,0,0,0,0,1
158,116,11.61176471,22,0.189655172,44,15755.75,0.01575575,8,9,4,0,0,0,0,1,0,0,July,3,Downstream Stump,3,0.696969697,1009.431879,1135.610864,504.7159396,0,0,0,0,126.1789849,0,0,0.665696927,2776.634637,0.665696927,1
159,218,16.13333333,72,0.330275229,144,24185.85,0.02418585,38,12,18,1,0,1,0,0,2,0,July,3,Downstream Stump,3,0.638888889,4794.801426,1514.147819,2271.221728,126.1789849,0,126.1789849,0,0,252.3579698,0,0.630136813,9085.525801,0.630136813,1
160,106,15.83333333,58,0.547169811,116,7286.115,0.007286115,2,12,16,3,0,0,0,2,23,0,July,3,Downstream Stump,3,0.731397459,252.3579698,1514.147819,2018.863758,378.5369547,0,0,0,252.3579698,2902.116652,0,0.718941573,7319.112521,0.718941573,1
161,63,12.08333333,33,0.523809524,66,10514.945,0.010514945,16,3,3,1,0,0,0,2,8,0,July,3,Downstream Stump,3,0.706439394,2018.863758,378.5369547,378.5369547,126.1789849,0,0,0,252.3579698,1009.431879,0,0.685303499,4164.612941,0.685303499,1
162,168,15.31333333,85,5.550718328,170,28146.55,0.02814655,38,18,23,1,1,0,0,1,3,0,July,3,Downstream Stump,3,0.688515406,4794.801426,2271.221728,2902.116652,126.1789849,126.1789849,0,0,126.1789849,378.5369547,0,0.680519693,10725.90223,0.680519693,1
163,5,10.54,11,2.2,22,1680.69,0.00168069,4,1,4,1,1,0,0,0,0,0,July,3,Downstream Bemidji,2,0.781818182,504.7159396,126.1789849,504.7159396,126.1789849,126.1789849,0,0,0,0,0,0.711581376,1388.750652,0.711581376,1
164,5,7.42,5,1,10,939.64,0.00093964,1,1,2,0,0,0,0,0,1,0,July,3,Downstream Bemidji,2,0.9,126.1789849,126.1789849,252.3579698,0,0,0,0,0,126.1789849,0,0.721937581,631.7949245,0.721937581,1
165,14,12.35,3,0.214285714,6,3288.74,0.00328874,1,0,1,1,0,0,0,0,0,0,July,3,Downstream Bemidji,2,1,126.1789849,0,126.1789849,126.1789849,0,0,0,0,0,0,0.670179719,379.5369547,0.670179719,1
166,88,14.97777778,20,0.227272727,40,12419.47,0.01241947,1,2,13,1,2,0,0,1,0,0,July,3,Downstream Bemidji,2,0.578947368,126.1789849,252.3579698,1640.326804,126.1789849,252.3579698,0,0,126.1789849,0,0,0.550424374,2524.158645,0.550424374,1
167,47,12.8,9,0.191489362,18,5718.675,0.005718675,1,1,4,1,0,0,0,0,2,0,July,3,Downstream Bemidji,2,0.805555556,126.1789849,126.1789849,504.7159396,126.1789849,0,0,0,0,252.3579698,0,0.717082179,1136.41642,0.717082179,1
168,0,0,9,0,18,0,0,1,0,4,3,0,0,1,0,0,0,July,3,Uninfested,1,0.75,126.1789849,0,504.7159396,378.5369547,0,0,126.1789849,0,0,0,0.667693513,1136.360864,0.75,0
169,0,0,7,0,14,0,0,1,0,0,3,1,0,2,0,0,0,July,3,Uninfested,1,0.80952381,126.1789849,0,0,378.5369547,126.1789849,0,252.3579698,0,0,0,0.695223279,884.062418,0.80952381,0
170,0,0,6,0,12,0,0,0,0,2,2,1,1,0,0,0,0,July,3,Uninfested,1,0.866666667,0,0,252.3579698,252.3579698,126.1789849,126.1789849,0,0,0,0,0.72381057,757.940576,0.866666667,0
171,0,0,5,0,10,0,0,0,0,1,1,0,0,0,3,0,0,July,3,Uninfested,1,0.7,0,0,126.1789849,126.1789849,0,0,0,378.5369547,0,0,0.561862607,631.5949245,0.7,0
172,0,0,5,0,10,0,0,0,0,0,3,0,0,0,1,1,0,July,3,Uninfested,1,0.7,0,0,0,378.5369547,0,0,0,126.1789849,126.1789849,0,0.561862607,631.5949245,0.7,0
173,24,14.06666667,5,0.208333333,10,5987.16,0.00598716,1,3,0,0,1,0,0,0,0,0,July,3,Downstream Andrusia,5,0.7,126.1789849,378.5369547,0,0,126.1789849,0,0,0,0,0,0.561862607,631.5949245,0.561862607,1
174,34,13.575,4,0.117647059,8,5955.505,0.005955505,1,1,2,0,0,0,0,0,0,0,July,3,Downstream Andrusia,5,0.833333333,126.1789849,126.1789849,252.3579698,0,0,0,0,0,0,0,0.627473171,505.5492729,0.627473171,1
175,17,17,6,0.352941176,12,5663.07,0.00566307,0,5,0,0,0,0,1,0,0,0,July,3,Downstream Andrusia,5,0.333333333,0,630.8949245,0,0,0,0,126.1789849,0,0,0,0.278780826,757.4072427,0.278780826,1
176,17,13.8,8,0.470588235,16,5410.28,0.00541028,1,3,1,0,0,0,0,0,3,0,July,3,Downstream Andrusia,5,0.785714286,126.1789849,378.5369547,126.1789849,0,0,0,0,0,378.5369547,0,0.688666847,1010.217593,0.688666847,1
177,21,11.3,3,0.142857143,6,3874.89,0.00387489,0,1,0,0,0,0,0,0,2,0,July,3,Downstream Andrusia,5,0.666666667,0,126.1789849,0,0,0,0,0,0,252.3579698,0,0.447571797,379.2036213,0.447571797,1
178,22,15.75,10,0.454545455,20,12722.76,0.01272276,0,0,2,0,6,0,0,1,1,0,July,3,Downstream Wolf,4,0.644444444,0,0,252.3579698,0,757.0739093,0,0,126.1789849,126.1789849,0,0.580888421,1262.434293,0.580888421,1
179,16,20.8,6,0.375,12,7481.6,0.0074816,1,0,1,1,3,0,0,0,0,0,July,3,Downstream Wolf,4,0.8,126.1789849,0,126.1789849,126.1789849,378.5369547,0,0,0,0,0,0.668250369,757.8739093,0.668250369,1
180,22,18.9,3,0.136363636,6,9579.5,0.0095795,1,0,0,0,0,0,0,2,0,0,July,3,Downstream Wolf,4,0.666666667,126.1789849,0,0,0,0,0,0,252.3579698,0,0,0.447571797,379.2036213,0.447571797,1
181,11,20.6,7,0.636363636,14,5793.98,0.00579398,1,0,0,0,2,0,0,3,0,1,July,3,Downstream Wolf,4,0.80952381,126.1789849,0,0,0,252.3579698,0,0,378.5369547,0,126.1789849,0.695223279,884.062418,0.695223279,1
182,9,17.3,1,0.111111111,2,4529.245,0.004529245,0,0,0,1,0,0,0,0,0,0,July,3,Downstream Wolf,4,1,0,0,0,126.1789849,0,0,0,0,0,0,0.015725869,127.1789849,0.015725869,1
183,85,16.55,67,0.788235294,134,10918.635,0.010918635,9,0,14,1,0,0,0,7,36,0,July,3,Downstream Stump,3,0.648123021,1135.610864,0,1766.505788,126.1789849,0,0,0,883.2528942,4542.443456,0,0.638580494,8454.640111,0.638580494,1
184,60,12.16666667,19,0.316666667,38,3228.75,0.00322875,3,0,4,1,0,0,0,3,8,0,July,3,Downstream Stump,3,0.766081871,378.5369547,0,504.7159396,126.1789849,0,0,0,378.5369547,1009.431879,0,0.726239651,2398.166795,0.726239651,1
185,137,14.97142857,54,0.394160584,108,17968.26,0.01796826,13,0,13,0,0,0,0,9,19,0,July,3,Downstream Stump,3,0.746331237,1640.326804,0,1640.326804,0,0,0,0,1135.610864,2397.400713,0,0.73267638,6814.411515,0.73267638,1
186,64,14.41428571,35,0.546875,70,7709.63,0.00770963,7,4,6,0,1,0,0,2,15,0,July,3,Downstream Stump,3,0.751260504,883.2528942,504.7159396,757.0739093,0,126.1789849,0,0,252.3579698,1892.684773,0,0.730053068,4417.015732,0.730053068,1
187,86,11.82,20,0.23255814,40,14339.5,0.0143395,4,1,7,0,0,0,0,5,3,0,July,3,Downstream Stump,3,0.789473684,504.7159396,126.1789849,883.2528942,0,0,0,0,630.8949245,378.5369547,0,0.750453506,2524.369171,0.750453506,1
188,61,30.63333333,18,0.295081967,36,9783.95,0.00978395,6,6,2,3,1,0,0,0,0,0,July,3,Downstream Bemidji,2,0.777777778,757.0739093,757.0739093,252.3579698,378.5369547,126.1789849,0,0,0,0,0,0.735072987,2271.999506,0.735072987,1
189,20,14.75,9,0.45,18,3883.355,0.003883355,4,0,1,1,1,0,0,2,0,0,July,3,Downstream Bemidji,2,0.805555556,504.7159396,0,126.1789849,126.1789849,126.1789849,0,0,252.3579698,0,0,0.717082179,1136.41642,0.717082179,1
190,123,14.35384615,16,0.130081301,32,19446.768,0.019446768,11,1,1,2,0,0,0,1,0,0,July,3,Downstream Bemidji,2,0.533333333,1387.968834,126.1789849,126.1789849,252.3579698,0,0,0,126.1789849,0,0,0.500511792,2019.397092,0.500511792,1
191,78,11.93333333,26,0.333333333,52,9778.32,0.00977832,6,11,3,0,0,0,0,6,0,0,July,3,Downstream Bemidji,2,0.729230769,757.0739093,1387.968834,378.5369547,0,0,0,0,757.0739093,0,0,0.701529954,3281.382838,0.701529954,1
192,24,12.46666667,7,0.291666667,14,5372.84,0.00537284,2,2,1,0,2,0,0,0,0,0,July,3,Downstream Bemidji,2,0.857142857,252.3579698,252.3579698,126.1789849,0,252.3579698,0,0,0,0,0,0.736039479,884.1100371,0.736039479,1
193,0,0,27,0,54,0,0,0,0,23,2,0,1,0,0,0,1,July,3,Uninfested,1,0.276353276,0,0,2902.116652,252.3579698,0,126.1789849,0,0,0,126.1789849,0.266315157,3407.108945,0.276353276,0
194,0,0,9,0,18,0,0,0,0,2,5,2,0,0,0,0,0,July,3,Uninfested,1,0.666666667,0,0,252.3579698,630.8949245,252.3579698,0,0,0,0,0,0.593592398,1136.277531,0.666666667,0
195,0,0,12,0,24,0,0,0,0,5,3,2,1,0,1,0,0,July,3,Uninfested,1,0.787878788,0,0,630.8949245,378.5369547,252.3579698,126.1789849,0,126.1789849,0,0,0.722987974,1514.935697,0.787878788,0
196,0,0,7,0,14,0,0,1,0,1,4,0,0,1,0,0,0,July,3,Uninfested,1,0.714285714,126.1789849,0,126.1789849,504.7159396,0,0,126.1789849,0,0,0,0.613564481,883.9671799,0.714285714,0
197,0,0,7,0,14,0,0,0,0,0,5,0,1,0,1,0,0,July,3,Uninfested,1,0.523809524,0,0,0,630.8949245,0,126.1789849,0,126.1789849,0,0,0.450141239,883.7767038,0.523809524,0
198,7,14,6,0.857142857,12,3624.06,0.00362406,2,4,0,0,0,0,0,0,0,0,July,3,Downstream Andrusia,5,0.533333333,252.3579698,504.7159396,0,0,0,0,0,0,0,0,0.44581388,757.6072427,0.44581388,1
199,5,13.4,4,0.8,8,2268,0.002268,2,2,0,0,0,0,0,0,0,0,July,3,Downstream Andrusia,5,0.666666667,252.3579698,252.3579698,0,0,0,0,0,0,0,0,0.502309572,505.3826062,0.502309572,1
200,12,16.9,7,0.583333333,14,6329.58,0.00632958,0,2,2,1,2,0,0,0,0,0,July,3,Downstream Andrusia,5,0.857142857,0,252.3579698,252.3579698,126.1789849,252.3579698,0,0,0,0,0,0.736039479,884.1100371,0.736039479,1
201,125,14.02831727,12,0.096,24,18473.16,0.01847316,4,5,1,1,1,0,0,0,0,0,July,3,Downstream Andrusia,5,0.757575758,504.7159396,630.8949245,126.1789849,126.1789849,126.1789849,0,0,0,0,0,0.695208555,1514.905394,0.695208555,1
202,9,15.9,1,0.111111111,2,3417.705,0.003417705,0,0,0,1,0,0,0,0,0,0,July,3,Downstream Andrusia,5,1,0,0,0,126.1789849,0,0,0,0,0,0,0.015725869,127.1789849,0.015725869,1
203,30,21.5,4,0.133333333,8,13636.755,0.013636755,1,0,1,1,0,1,0,0,0,0,July,3,Downstream Wolf,4,1,126.1789849,0,126.1789849,126.1789849,0,126.1789849,0,0,0,0,0.752471743,505.7159396,0.752471743,1
204,12,17.25,11,0.916666667,22,6807.64,0.00680764,3,0,1,5,0,0,0,1,0,1,July,3,Downstream Wolf,4,0.763636364,378.5369547,0,126.1789849,630.8949245,0,0,0,126.1789849,0,126.1789849,0.695051171,1388.73247,0.695051171,1
205,11,18.55,9,0.818181818,18,6166.89,0.00616689,3,0,0,0,0,0,0,0,3,3,July,3,Downstream Wolf,4,0.75,378.5369547,0,0,0,0,0,0,0,378.5369547,378.5369547,0.667693513,1136.360864,0.667693513,1
206,15,22.35,7,0.466666667,14,10162.6,0.0101626,0,0,0,2,3,0,0,2,0,0,July,3,Downstream Wolf,4,0.761904762,0,0,0,252.3579698,378.5369547,0,0,252.3579698,0,0,0.65439828,884.014799,0.65439828,1
207,22,20.46666667,5,0.227272727,10,8142.64,0.00814264,3,0,0,0,1,0,0,0,1,0,July,3,Downstream Wolf,4,0.7,378.5369547,0,0,0,126.1789849,0,0,0,126.1789849,0,0.561862607,631.5949245,0.561862607,1
208,233,13.16111111,105,0.450643777,210,21295.3,0.0212953,46,4,13,0,0,0,0,0,42,0,July,3,Downstream Stump,3,0.637362637,5804.233305,504.7159396,1640.326804,0,0,0,0,0,5299.517365,0,0.631375639,13249.43078,0.631375639,1
209,77,18.2375,34,0.441558442,68,17920.16,0.01792016,9,4,8,0,0,0,0,0,13,0,July,3,Downstream Stump,3,0.736185383,1135.610864,504.7159396,1009.431879,0,0,0,0,0,1640.326804,0,0.714797368,4290.821672,0.714797368,1
210,55,14.74,26,0.472727273,52,810896.58,0.81089658,7,0,2,0,0,0,0,0,17,0,July,3,Downstream Stump,3,0.513846154,883.2528942,0,252.3579698,0,0,0,0,0,2145.042743,0,0.494391914,3281.167453,0.494391914,1
211,56,13.18,13,0.232142857,26,10234.92,0.01023492,5,2,1,0,0,0,0,0,5,0,July,3,Downstream Stump,3,0.730769231,630.8949245,252.3579698,126.1789849,0,0,0,0,0,630.8949245,0,0.675257197,1641.057573,0.675257197,1
212,47,12.74,23,0.489361702,46,10260,0.01026,7,3,2,0,0,0,0,3,8,0,July,3,Downstream Bemidji,2,0.778656126,883.2528942,378.5369547,252.3579698,0,0,0,0,378.5369547,1009.431879,0,0.745195015,2902.895309,0.745195015,1
213,163,14.15833333,12,0.073619632,24,15696.15,0.01569615,5,1,2,0,3,1,0,0,0,0,July,3,Downstream Bemidji,2,0.787878788,630.8949245,126.1789849,252.3579698,0,378.5369547,126.1789849,0,0,0,0,0.722987974,1514.935697,0.722987974,1
214,75,12.9625,14,0.186666667,28,8513.77,0.00851377,5,2,4,1,0,0,0,0,2,0,July,3,Downstream Bemidji,3,0.802197802,630.8949245,252.3579698,504.7159396,126.1789849,0,0,0,0,252.3579698,0,0.745551093,1767.307986,0.745551093,1
215,23,11.75,16,0.695652174,32,3474.2,0.0034742,6,1,7,1,0,0,0,0,1,0,July,3,Downstream Bemidji,2,0.7,757.0739093,126.1789849,883.2528942,126.1789849,0,0,0,0,126.1789849,0,0.656813306,2019.563758,0.656813306,1
216,32,15.56666667,11,0.34375,22,4613.6,0.0046136,6,1,3,0,1,0,0,0,0,0,July,3,Downstream Bemidji,2,0.672727273,757.0739093,126.1789849,378.5369547,0,126.1789849,0,0,0,0,0,0.612387155,1388.641561,0.612387155,1
217,13,11.85,5,0.384615385,10,2715.84,0.00271584,5,0,0,0,0,0,0,0,0,0,July,3,Downstream Bemidji,2,0,630.8949245,0,0,0,0,0,0,0,0,0,0,630.8949245,0,1
218,0,0,18,0,36,0,0,1,1,2,11,0,0,3,0,0,0,July,3,Uninfested,1,0.614379085,126.1789849,126.1789849,252.3579698,1387.968834,0,0,378.5369547,0,0,0,0.580729415,2271.836107,0.614379085,0
219,0,0,21,0,42,0,0,1,0,15,4,0,0,1,0,0,0,July,3,Uninfested,1,0.471428571,126.1789849,0,1892.684773,504.7159396,0,0,126.1789849,0,0,0,0.44934509,2650.230111,0.471428571,0
220,0,0,9,0,18,0,0,0,0,1,7,0,1,0,0,0,0,July,3,Uninfested,1,0.416666667,0,0,126.1789849,883.2528942,0,126.1789849,0,0,0,0,0.371158544,1136.027531,0.416666667,0
221,0,0,18,0,36,0,0,0,0,4,8,0,2,3,1,0,0,July,3,Uninfested,1,0.751633987,0,0,504.7159396,1009.431879,0,252.3579698,378.5369547,126.1789849,0,0,0.710381,2271.973362,0.751633987,0
222,0,0,11,0,22,0,0,0,0,4,5,0,1,1,0,0,0,July,3,Uninfested,1,0.709090909,0,0,504.7159396,630.8949245,0,126.1789849,126.1789849,0,0,0,0.645455359,1388.677925,0.709090909,0
